"","strato","N","total","total_var","total_cv","total_se","total_deff","nd","DEPARTAMENTO","CLASE","SEXO","TOTAL_PET","DPNOM","TOTAL","PORC_PET","Exclusion_n","Exclusion_DEFF","Exclusion","Flag","varianza","ln_sigma2","var_est","eblup_var_su","eblup_var_or","cv_eblup_var_su","cv_eblup_var_or","diff"
"1","Bogota_U_H",3782168,2003562.98597457,9815046471.72485,0.0494473680489456,99070.9163767291,2.44362998785343,888,11,"Urbano","Hombre",3170870,"Bogota",3754795,84.4485517851174,0,0,0,"Incluir",9815046471.72485,23.0071823994293,18398632404.4049,1636097.87753535,1677671.15524663,4.07212266363868,3.50435720640969,-0.568120622202049
"2","Bogota_U_M",4117692,1594116.38484953,6882509271.5492,0.0520419279296385,82960.8900117953,1.80882706047574,1058,11,"Urbano","Mujer",3527416,"Bogota",4088058,86.2858599364295,0,0,0,"Incluir",6882509271.5492,22.6522491420995,11941163566.4796,1673773.7329148,1667844.47339224,3.86184979304564,3.38292035970459,-0.484580657027077
"3","Antioquia_U_H",2597322,1364488,3287006996.01543,0.0420175372342284,57332.4253456578,3.38268799625886,1731,5,"Urbano","Hombre",2158126,"Antioquia",2567741,84.0476512233905,0,0,0,"Incluir",3287006996.01543,21.9132432600155,2180103089.47124,1254411.49243993,1216899.55497952,3.0939658654208,3.54797622433894,0.448205438785728
"4","Antioquia_U_M",2888531,986547,2299923741.7311,0.04861149056165,47957.5201791241,2.52308930068966,2058,5,"Urbano","Mujer",2462010,"Antioquia",2857180,86.1692298000126,0,0,0,"Incluir",2299923741.7311,21.5561418035628,1499294187.27037,1041386.64859965,1066348.99178897,3.27813302635611,3.6732296738193,0.377969889847811
"5","Valle del Cauca_U_H",1835902,879831,1706797595.06104,0.0469560710694037,41313.4069650645,3.17614071229972,1565,76,"Urbano","Hombre",1508346,"Valle del Cauca",1852264,81.4325603693642,0,0,0,"Incluir",1706797595.06104,21.2578847002433,1068550245.03745,853669.17976158,840384.674720452,3.43412137764061,4.09983065203566,0.660437587484197
"6","Cundinamarca_U_H",1275732,709471,4736244375.87633,0.097002382931578,68820.3776208496,4.71714609653179,401,25,"Urbano","Hombre",999846,"Cundinamarca",1216453,82.1935578275527,0,0,0,"Incluir",4736244375.87633,22.278510332833,2388070707.05492,626244.951324138,583827.72378486,6.20098474169299,7.75980263212409,1.59859082798556
"7","Atlantico_U_H",1282182,685514.748607985,939354618.225724,0.0447093117578296,30648.8926101046,3.11285173798372,1355,8,"Urbano","Hombre",1024916,"Atlantico",1280444,80.0437973078088,0,0,0,"Incluir",939354618.225724,20.6607036210712,647844278.932149,661524.649602975,649885.064634454,3.57879241259526,4.21175608767095,0.639613561506423
"8","Valle del Cauca_U_M",2082996,649984,1185194379.61121,0.0529653840243245,34426.6521696666,2.30129537877874,1808,76,"Urbano","Mujer",1768817,"Valle del Cauca",2102477,84.1301474403763,0,0,0,"Incluir",1185194379.61121,20.8931726315087,782745053.84383,686314.775423905,705712.299901011,3.7664264371846,4.29165458641632,0.507506284188524
"9","Cundinamarca_U_M",1268396,512989,2912987679.69368,0.105211029745855,53972.1009382966,3.24096843226567,432,25,"Urbano","Mujer",1087574,"Cundinamarca",1295037,83.9801488297246,0,0,0,"Incluir",2912987679.69368,21.7924450854928,1707022109.27809,516778.100861531,519018.851076764,6.72493060105452,7.7608375972909,1.05024135036812
"10","Santander_U_H",872969,455280,613580623.288536,0.0544073089261557,24770.5596079002,4.45323717716386,1379,68,"Urbano","Hombre",713241,"Santander",859889,82.9457057829557,0,0,0,"Incluir",613580623.288536,20.2348222287842,308636855.840543,446889.582008557,438149.704110363,3.79004277672949,5.22783362743777,1.4521274132034
"11","Bolivar_U_H",793110,396024.021423654,573312072.926329,0.0604608173780893,23943.9360366321,5.0874496743606,1394,13,"Urbano","Hombre",630861,"Bolivar",796690,79.1852539883769,0,0,0,"Incluir",573312072.926329,20.1669407563109,252527075.668214,391079.991918431,384529.286246721,3.94264257334556,5.78480771949139,1.8554395216709
"12","Atlantico_U_M",1359469,373843.676921813,450393737.110194,0.0567683317633673,21222.4818791345,1.82940481006666,1496,8,"Urbano","Mujer",1109242,"Atlantico",1354421,81.8978737039665,0,0,0,"Incluir",450393737.110194,19.9256327295203,334916700.558001,387983.364738022,394448.642681737,4.53915477077693,5.08308642223902,0.52917788048643
"13","Antioquia_R_H",743284,349831,1244936781.24205,0.100859162497476,35283.6616756546,2.76883442964692,307,5,"Rural","Hombre",583247,"Antioquia",708434,82.3290525299463,0,0,0,"Incluir",1244936781.24205,20.942350587455,663798252.232928,339359.627316201,330847.001166844,7.03527130086657,9.18750699782295,2.20791088369354
"14","Santander_U_M",940960,323941,404074685.107877,0.0620533029714795,20101.609017884,3.28065838530871,1621,68,"Urbano","Mujer",801933,"Santander",942439,85.0912366742039,0,0,0,"Incluir",404074685.107877,19.8171102829686,213462308.78482,326737.046390893,329575.406555814,4.35920066001026,5.7866923471462,1.4230986948874
"15","Narino_R_H",533907,302685,1086605039.05469,0.108904282471754,32963.692739963,3.02862661347611,196,52,"Rural","Hombre",397146,"Narino",474358,83.7228422415138,0,0,0,"Incluir",1086605039.05469,20.8063240295223,551009423.643521,287344.246660046,273104.215529671,7.66116251681874,10.5692196468663,3.02598869772481
"16","Norte de Santander_U_H",631915,282634,222713975.888289,0.0528018732871839,14923.6046546499,2.82112244282128,1249,54,"Urbano","Hombre",517772,"Norte de Santander",641277,80.7407719285114,0,0,0,"Incluir",222713975.888289,19.2213988868292,161838755.627613,281335.334903766,280658.643295915,4.43405690123542,5.16057951797882,0.742012121810656
"17","Magdalena_U_H",510120,240682,169977733.616164,0.0541691979691129,13037.550905602,3.35032898298073,1276,47,"Urbano","Hombre",391472,"Magdalena",495017,79.0825365593505,0,0,0,"Incluir",169977733.616164,18.9511780077076,114590706.087486,239186.123052398,238218.229068366,4.41330640481308,5.34828840673366,0.960513490755932
"18","Cundinamarca_R_H",426572,228057,588802600.963149,0.106399957095882,24265.2550154155,2.69348863427167,208,25,"Rural","Hombre",366012,"Cundinamarca",429456,85.2268916955404,0,0,0,"Incluir",588802600.963149,20.1936015427658,328429574.267865,222813.801455373,218207.466653928,7.82098183065162,10.3063877285645,2.58448143253802
"19","Cordoba_U_H",475181,224444,347229028.291513,0.0830233039760762,18634.0824376065,5.63793003814027,913,23,"Urbano","Hombre",372579,"Cordoba",465849,79.9784908843853,0,0,0,"Incluir",347229028.291513,19.665495144086,118321413.407482,223019.622414483,220009.313295023,4.80747787261468,8.08819057497521,3.31419825114195
"20","Tolima_U_H",484761,222005,228467489.716189,0.0680846876195048,15115.1410749682,3.53543333448804,902,73,"Urbano","Hombre",378642,"Tolima",449328,84.2685076380728,0,0,0,"Incluir",228467489.716189,19.246904481223,114765126.775713,220491.566599627,218708.926428056,4.79101100190016,6.70172133000715,1.94657115345416
"21","Cesar_U_H",498622,215001,255589299.461749,0.074358539990493,15987.160456496,4.12412974055501,983,20,"Urbano","Hombre",378044,"Cesar",489859,77.1740439595884,0,0,0,"Incluir",255589299.461749,19.3590824152007,113328771.888091,214194.463634755,213014.443542734,4.90177069387726,7.25221020418491,2.3774454725216
"22","Meta_U_H",402864,203506,123537561.488045,0.0546163023606737,11114.7452282113,3.50260277229672,1148,50,"Urbano","Hombre",335263,"Meta",414232,80.9360455010719,0,0,0,"Incluir",123537561.488045,18.6320558093942,89797510.9260963,202399.805466296,201799.53202128,4.63069735801823,5.41578884796725,0.817960670406996
"23","Cordoba_R_H",458546,201826,517339207.23928,0.112696540274132,22745.0919373671,2.29765728353297,231,23,"Rural","Hombre",382305,"Cordoba",469841,81.3690163267999,0,0,0,"Incluir",517339207.23928,20.0642093241745,290808231.312493,200179.988227255,198692.415406976,8.22728571912305,10.7021820022299,2.55226610348223
"24","Norte de Santander_U_M",701844,193857,143912255.8289,0.0618824362069373,11996.3434357682,1.99427494993508,1363,54,"Urbano","Mujer",569000,"Norte de Santander",687174,82.8028999933059,0,0,0,"Incluir",143912255.8289,18.784714337299,108154650.588202,195934.746086,196912.373001532,5.23832933046402,5.97457006163434,0.736886111831834
"25","Caldas_U_H",382627,192518,103447595.685718,0.0528310034233532,10170.9191170571,3.84350558965934,1356,17,"Urbano","Hombre",316999,"Caldas",371452,85.3405015991299,0,0,0,"Incluir",103447595.685718,18.4545757205684,73566800.6077813,191476.629310708,190873.904575259,4.43920826724064,5.25376342252402,0.848432815135191
"26","Bolivar_U_M",850946,191375.058463995,221181094.649903,0.0777121036128582,14872.1583722708,2.66118625316377,1517,13,"Urbano","Mujer",680501,"Bolivar",839043,81.104424922203,0,0,0,"Incluir",221181094.649903,19.2144923567353,113992142.42901,195471.830672885,200008.270450548,5.38715401971531,7.21927477616025,1.82358480824578
"27","Risaralda_U_H",360819,189261,80397680.6442295,0.0473762443115664,8966.47537465137,3.06602445221961,1235,66,"Urbano","Hombre",305280,"Risaralda",361442,84.4616840322929,0,0,0,"Incluir",80397680.6442295,18.2024958860245,73872965.2642945,188197.447534727,187952.67545631,4.52577832320618,4.71829807623076,0.229834538618281
"28","Valle del Cauca_R_H",368751,186052,540068953.325528,0.124908002436022,23239.3836692268,3.35436955535072,212,76,"Rural","Hombre",284402,"Valle del Cauca",344357,82.5892896035219,0,0,0,"Incluir",540068953.325528,20.1072073807143,193318896.057059,183160.882401511,177737.408905454,7.41549130886288,12.1898277820738,4.87779569836294
"29","Cauca_R_H",365079,176712,580599428.705904,0.136355374309131,24095.6309049152,3.31578691255046,191,19,"Rural","Hombre",415342,"Cauca",499087,83.2203603780503,0,0,0,"Incluir",580599428.705904,20.1795716255824,362400176.029485,177918.510697712,178678.743666735,10.2487650712619,12.5112802856091,2.34652448255634
"30","Boyaca_U_H",375226,168102.263101838,382843769.049209,0.116395779023288,19566.3938693161,9.53317888714002,866,15,"Urbano","Hombre",303119,"Boyaca",367942,82.3822776415848,0,0,0,"Incluir",382843769.049209,19.7631375502159,76935207.5019951,167464.264244249,164769.623115829,5.1885124206467,11.2888719023224,6.14055288127865
"31","Huila_U_H",338378,167261,110578922.521263,0.0628697144718184,10515.6513122708,3.97216428863108,1026,41,"Urbano","Hombre",264025,"Huila",336631,78.4315764145311,0,0,0,"Incluir",110578922.521263,18.5212400549422,67250050.0547886,166490.092643242,165837.497314644,4.88509071023845,6.24587090947269,1.40264227403473
"32","Narino_U_H",333025,165907,116497173.852222,0.0650568430078281,10793.3856528997,4.77258783102605,1133,52,"Urbano","Hombre",287950,"Narino",349385,82.4162456888533,0,0,0,"Incluir",116497173.852222,18.5733775718966,65573776.6980343,165267.619152223,164631.332182116,4.86049620310207,6.45265463027044,1.62870110121994
"33","Santander_R_H",289202,164124,249434442.990638,0.096229032266625,15793.4936917276,2.94295643803036,243,68,"Rural","Hombre",239250,"Santander",282563,84.6713830190081,0,0,0,"Incluir",249434442.990638,19.3347066850855,121052143.517241,162157.053873708,159698.884163502,6.68555238422361,9.5637843770091,2.98295043599466
"34","Boyaca_U_M",440573,160873.999523609,365401261.952243,0.118822630454791,19115.4717951779,8.80824550570214,1083,15,"Urbano","Mujer",342501,"Boyaca",404140,84.7481070916019,0,0,0,"Incluir",365401261.952243,19.7165066555208,70988493.518261,160691.39509589,159847.352695792,5.19778178452598,11.3934556707525,6.22330082099993
"35","Bolivar_R_H",294949,149605.016315485,247168393.633152,0.105087318828349,15721.5900478658,2.53679010215751,224,13,"Rural","Hombre",250734,"Bolivar",308461,81.2854785532045,0,0,0,"Incluir",247168393.633152,19.3255804179023,129515733.571308,148333.11034385,146929.847153489,7.55208289058844,10.3506024474815,2.89635455571011
"36","Risaralda_U_M",423541,141922,52949935.2338519,0.0512723229283142,7276.67061463221,1.92357709655187,1448,66,"Urbano","Mujer",360003,"Risaralda",414338,86.8863102105045,0,0,0,"Incluir",52949935.2338519,17.7848574068542,55768352.0129481,142110.307834011,142113.847973011,5.21904680547188,5.08314463012732,-0.119538935140105
"37","Narino_U_M",395867,135859,97871608.3082727,0.0728182016028538,9893.00805156211,3.87036347053377,1393,52,"Urbano","Mujer",332402,"Narino",392026,84.7908046915256,0,0,0,"Incluir",97871608.3082727,18.3991670583749,52309763.2255059,135991.263875674,136116.009236289,5.28429058131383,7.17138795234409,1.90601046085954
"38","Meta_U_M",467682,135119,78973491.5974427,0.0657694556505827,8886.70307805109,2.33528533902415,1326,50,"Urbano","Mujer",356962,"Meta",432383,82.5568997856067,0,0,0,"Incluir",78973491.5974427,18.1846228047225,56235115.2095615,135516.318131805,135727.881185218,5.49554140987388,6.47691658578195,0.996776095440756
"39","Magdalena_U_M",509735,135096,81330903.5019642,0.06675523176787,9018.36479091216,2.20260052829271,1368,47,"Urbano","Mujer",417449,"Magdalena",516174,80.8736976290941,0,0,0,"Incluir",81330903.5019642,18.2140366191672,61289650.6556434,136081.616404245,136543.061901636,5.70987398781332,6.53159520801464,0.82895391160462
"40","Caldas_U_M",417949,134778,65660664.5334765,0.0601220290908965,8103.12683681284,2.71993659839569,1576,17,"Urbano","Mujer",366075,"Caldas",418571,87.4582806740075,0,0,0,"Incluir",65660664.5334765,18.0000105908131,51133572.3792311,135068.004273202,135182.983541206,5.26101446403921,5.94037002457651,0.692094021228698
"41","Tolima_U_M",488473,134192,102875466.994782,0.0755838977634974,10142.7544086792,2.23135891465716,1030,73,"Urbano","Mujer",421633,"Tolima",489399,86.1532205827965,0,0,0,"Incluir",102875466.994782,18.4490297563902,66610551.5401685,135085.409770645,135708.198105724,5.99256768177968,7.36959386366325,1.39202813553301
"42","Huila_R_H",219172,133355,199704361.265123,0.105970374942762,14131.679350492,3.12618567748693,180,41,"Rural","Hombre",197351,"Huila",242861,81.2608858565188,0,0,0,"Incluir",199704361.265123,19.1123486372318,106662944.417303,131995.668230335,130535.72430146,7.72306406328417,10.5378576067619,2.94192988496766
"43","Sucre_U_H",300757,132953,60796903.4580934,0.0586465661681855,7797.23691175877,3.34091050266407,1222,70,"Urbano","Hombre",235689,"Sucre",294715,79.9718371986495,0,0,0,"Incluir",60796903.4580934,17.9230494156739,45163897.8052549,132626.119716471,132449.049878953,5.03910607686404,5.83799190976659,0.835817132978534
"44","Magdalena_R_H",244136,126306,147984249.25391,0.0963127459637347,12164.8776916955,2.32900132407314,235,47,"Rural","Hombre",194340,"Magdalena",242813,80.0369008249147,0,0,0,"Incluir",147984249.25391,18.8126164021049,82498684.3013021,125395.830018382,124477.699719968,7.1705575924514,9.57817229097638,2.51499027765001
"45","Tolima_R_H",215201,125030,114136684.18739,0.0854473099103261,10683.4771580881,2.52376141728745,250,73,"Rural","Hombre",191039,"Tolima",226514,84.338716370732,0,0,0,"Incluir",114136684.18739,18.5529072722513,73634485.7433773,124110.99069486,123425.794760472,6.85190414190947,8.52205017147432,1.77983259887994
"46","Cauca_U_H",249329,118759,71825225.9532181,0.0713628142488931,8474.9764573843,4.74872083379003,1022,19,"Urbano","Hombre",217492,"Cauca",262429,82.8765113611682,0,0,0,"Incluir",71825225.9532181,18.0897463087101,40261524.5016718,118473.679559682,118177.257497372,5.32931602109735,7.10108990462497,1.81740544456046
"47","Boyaca_R_H",267007,118391.229959804,224036479.086889,0.126427001251051,14967.8481782416,2.40827049437228,190,15,"Rural","Hombre",224669,"Boyaca",265598,84.5898688996152,0,0,0,"Incluir",224036479.086889,19.2273194496267,99703564.4350359,117738.288937273,116756.996504296,8.37806829852846,12.4386410209385,4.17190777915225
"48","Cordoba_U_M",527470,117492,169694342.416123,0.110872894355789,13026.6781036503,3.75947070721932,1066,23,"Urbano","Mujer",414171,"Cordoba",503225,82.3033434348452,0,0,0,"Incluir",169694342.416123,18.9495093909105,57353715.9726033,118594.021839776,121010.067278346,6.34101052113399,10.52017962474,4.19126643892573
"49","Antioquia_R_M",651606,117199,384440665.932665,0.167298002013321,19607.1585379592,1.78084150492602,291,5,"Rural","Mujer",535474,"Antioquia",654491,81.8153343590668,0,0,0,"Incluir",384440665.932665,19.7673000201327,189533593.226011,123723.128761754,131189.283825106,10.8755736898188,14.2074029945825,3.37433394682885
"50","Cesar_U_M",512031,116244,110797685.614362,0.0905513227178322,10526.0479580117,2.87973795855897,1194,20,"Urbano","Mujer",414025,"Cesar",521079,79.4553225134768,0,0,0,"Incluir",110797685.614362,18.5232164441023,54993359.2099222,117424.767458207,118854.404378981,6.27280253280315,8.72332859299654,2.45901941381361
"51","Quindio_U_H",228239,106666,32461125.583477,0.053414083151612,5697.46659344985,2.56224012232983,1020,63,"Urbano","Hombre",198524,"Quindio",233461,85.0351878900544,0,0,0,"Incluir",32461125.583477,17.2955537954654,33338427.214373,106428.594510226,106398.878359838,5.40295929334305,5.3309150377419,-0.0229683280176118
"52","Huila_U_M",376662,100902,50277760.0194357,0.0702729500885013,7090.68120982996,2.07890176816809,1148,41,"Urbano","Mujer",293529,"Huila",362895,80.8853800686149,0,0,0,"Incluir",50277760.0194357,17.7330733905634,39115132.2585254,101230.00628765,101363.696839057,6.14852721507704,6.94704599326479,0.820794392242081
"53","Cesar_R_H",186727,98506,133325587.161025,0.117217935555404,11546.6699598207,2.85645203656038,187,20,"Rural","Hombre",140420,"Cesar",177692,79.0243792629944,0,0,0,"Incluir",133325587.161025,18.7083047184242,56142466.3635652,97888.5381204912,96864.1622695541,7.60190150205928,11.7062623353234,4.24225534901257
"54","Sucre_R_H",206197,96843,119457331.933088,0.112859512699371,10929.6537883452,2.73298582865047,243,70,"Rural","Hombre",163361,"Sucre",197367,82.7701692785521,0,0,0,"Incluir",119457331.933088,18.5984698106233,51610068.5732219,96406.3290524946,95701.9541333386,7.40473013639183,11.2360901779634,3.94452291835325
"55","Norte de Santander_R_H",179824,90507,99915226.1724306,0.110441848806339,9995.76040991533,2.52429975823398,205,54,"Rural","Hombre",149522,"Norte de Santander",185907,80.4283862361288,0,0,0,"Incluir",99915226.1724306,18.4198326461434,50695100.1536421,90097.7355221849,89589.8621036108,7.85354451637383,11.0060151762874,3.27776128068059
"56","Narino_R_M",508382,89853,247507131.522394,0.175089973351806,15732.3593755798,1.32342164434905,202,52,"Rural","Mujer",399543,"Narino",473233,84.4283893980344,0,0,0,"Incluir",247507131.522394,19.3269499537898,142815090.291819,93076.7330353879,95885.294082486,12.6181934075678,15.8710174515642,3.3356082585791
"57","Cauca_U_M",288490,89122,49737874.0317461,0.0791331921450289,7052.50835034927,3.22360568664931,1148,19,"Urbano","Mujer",249054,"Cauca",291728,85.3719903471727,0,0,0,"Incluir",49737874.0317461,17.7222772538046,30060465.5219262,89233.9392212758,89317.6674155825,6.12151557337076,7.84212653069591,1.75036622080398
"58","La Guajira_R_H",235638,88500,132243202.901502,0.129940163504871,11499.704470181,2.10406479954008,208,44,"Rural","Hombre",189744,"La Guajira",250006,75.895778501316,0,0,0,"Incluir",132243202.901502,18.700153231552,63939930.8299239,88459.256324676,88376.9868018104,8.96881394581621,12.7798951360231,3.91389725311417
"59","Valle del Cauca_R_M",356951,83144,195564416.97433,0.168195357580657,13984.4348106861,1.84805851593509,216,76,"Rural","Mujer",271705,"Valle del Cauca",326966,83.0988543151276,0,0,0,"Incluir",195564416.97433,19.0914003817069,75619243.6444784,83823.4225338714,85008.1539976769,10.2783459788942,16.0214559697308,5.8307445075632
"60","La Guajira_U_H",217152,79532,37247289.2643507,0.0767371087324521,6103.05573170938,4.05134618380462,1185,44,"Urbano","Hombre",183511,"La Guajira",249174,73.6477321068811,0,0,0,"Incluir",37247289.2643507,17.433089728715,23732275.5760966,79569.6005521796,79589.0885831941,6.10452668424138,7.62895880472491,1.55765878595419
"61","Quindio_U_M",275955,79063,21926583.4771801,0.0592259715925613,4682.58299202268,1.78433078488474,1262,63,"Urbano","Mujer",226073,"Quindio",259432,87.1415245613494,0,0,0,"Incluir",21926583.4771801,16.903210316063,23472057.7827121,79129.2076501846,79127.2658400422,6.10494843469773,5.89990199633258,-0.175794390281699
"62","Cauca_R_M",364796,75598,254925763.713792,0.211201286081484,15966.3948251881,2.42672386614336,209,19,"Rural","Mujer",407651,"Cauca",488021,83.5314463926757,0,0,0,"Incluir",254925763.713792,19.3564829380473,116410064.119417,78844.9337530278,83218.0927963999,13.4912203742294,18.541054551468,5.13706644227155
"63","Cundinamarca_R_M",385072,73754,162900919.341409,0.173051826977471,12763.2644468964,1.30605132963995,185,25,"Rural","Mujer",333065,"Cundinamarca",393691,84.6006131712434,0,0,0,"Incluir",162900919.341409,18.90865271715,97978808.0871859,75559.8715219443,77025.1962316885,12.9440041955988,16.2078540672493,3.36425886611396
"64","Caldas_R_H",134541,64475,37462451.4464989,0.0949307136497747,6120.65776256922,2.06041027930402,249,17,"Rural","Hombre",108255,"Caldas",128506,84.2412027453971,0,0,0,"Incluir",37462451.4464989,17.4388496945501,24529553.6882798,64287.6937768226,64144.5414377383,7.68080143648157,9.49295410026223,1.94874162807093
"65","Sucre_U_M",306782,64448,23707105.9320008,0.0755491922951348,4868.99434503685,2.09197697218546,1373,70,"Urbano","Mujer",252377,"Sucre",308972,81.6828062089769,0,0,0,"Incluir",23707105.9320008,16.9812853895203,19871859.0095487,64686.3702821033,64761.5574481913,6.87450744511558,7.49377198068061,0.639755266533325
"66","Meta_R_H",139403,62377,40664481.3677309,0.10223112386232,6376.87081315992,1.88192222432625,223,50,"Rural","Hombre",121180,"Meta",146083,82.9528418775628,0,0,0,"Incluir",40664481.3677309,17.5208655757265,27327037.2210496,62235.4481707084,62130.2424127374,8.37140739658754,10.206490700458,1.96624572235797
"67","La Guajira_U_M",256364,61589,29900821.0375549,0.0887847557298083,5468.16432064317,3.48356881059382,1391,44,"Urbano","Mujer",202699,"La Guajira",266164,76.1556784538856,0,0,0,"Incluir",29900821.0375549,17.2133964974339,17172193.1358638,61727.8149213982,61852.218799256,6.69902832976604,8.80431031805139,2.12830832261503
"68","Choco_R_H",177069,60495,85019788.1604105,0.152419498446414,9220.61755851584,1.97900808535495,165,27,"Rural","Hombre",131856,"Choco",168306,78.3430180742219,0,0,0,"Incluir",85019788.1604105,18.2583945892476,35113025.4329801,60415.0775209383,60258.2606082152,9.76593112255476,15.1248960012547,5.4987805290177
"69","Caqueta_U_H",131559,59991,14814092.655036,0.0641580900826314,3848.90798214714,3.24574603840111,935,18,"Urbano","Hombre",104432,"Caqueta",133441,78.2608044004466,0,0,0,"Incluir",14814092.655036,16.5110894920947,12695784.2335061,59915.347824264,59887.7371662654,5.9376209356216,6.41375614993707,0.53925786224459
"70","Atlantico_R_H",87996,54611.3535117287,32703417.834745,0.104716141470171,5718.69022021171,3.21740499514101,180,8,"Rural","Hombre",60937,"Atlantico",73472,82.9390788327526,0,0,0,"Incluir",32703417.834745,17.3029901513458,15943020.8730393,54434.5291543031,54196.1735685192,7.32081509198016,10.504527043414,3.38923331569256
"71","Risaralda_R_H",101107,52104,32575851.0875818,0.109541030034198,5707.52582890185,2.23664333001933,176,66,"Rural","Hombre",84383,"Risaralda",101838,82.8600326007973,0,0,0,"Incluir",32575851.0875818,17.299081807651,19674776.9518317,51959.4854324579,51826.7836390223,8.51606684500185,10.9634792398949,2.61930576751395
"72","Cordoba_R_M",465159,46762,120142703.452007,0.23439892875501,10960.9627064418,1.50526021517205,246,23,"Rural","Mujer",360147,"Cordoba",443296,81.2430069299069,0,0,0,"Incluir",120142703.452007,18.6041907896469,47184329.0802816,48223.1688218829,50827.4221823786,14.1619197004347,21.2144623643959,7.15799653770655
"73","Caqueta_U_M",144049,41911,8706621.30010273,0.070403914074095,2950.6984427594,2.27520119709207,1111,18,"Urbano","Mujer",115254,"Caqueta",142714,80.7587202376781,0,0,0,"Incluir",8706621.30010273,15.979594363136,8185088.03658636,41908.8673125395,41905.9571588683,6.8197358433771,7.03278189188399,0.256671594908132
"74","Choco_U_H",110422,41588,19730275.3042831,0.106806709931742,4441.87745264129,7.5805077906301,1090,27,"Urbano","Hombre",90463,"Choco",120263,75.2209740319134,0,0,0,"Incluir",19730275.3042831,16.797664831489,7110416.74248391,41569.3182594162,41524.2123542409,6.40905646875317,10.6680397560607,4.30558796076152
"75","Caqueta_R_H",75311,39885,15454595.5472873,0.0985642055073986,3931.23333666259,2.16040643260973,198,18,"Rural","Hombre",62291,"Caqueta",79048,78.8014877036737,0,0,0,"Incluir",15454595.5472873,16.553416963506,11985939.7558908,39804.9878018959,39764.5217255039,8.68476543365681,9.86526518455371,1.36240430837871
"76","Casanare_U_H",75481,39869,16367513.9102508,0.101474288895613,4045.6784239792,2.31174028761496,201,85,"Urbano","Hombre",127664,"Casanare",161594,79.0029332772256,0,0,0,"Incluir",16367513.9102508,16.6108090691672,18984863.2426274,39913.1067975944,39907.1313802019,10.8911229805863,10.1148694866217,-0.640517564816101
"77","Casanare_U_M",80315,36341,12952409.9610885,0.0990326538493569,3598.94567353948,1.98369271196224,245,85,"Urbano","Mujer",136501,"Casanare",169179,80.6843638985926,0,0,0,"Incluir",12952409.9610885,16.3767924261772,15817421.0706089,36405.3017769071,36396.5494395846,10.903267719449,9.87048909685355,-0.907190592857424
"78","La Guajira_R_M",245602,33874,42864212.5633364,0.193277340808388,6547.07664254333,1.35194834096592,227,44,"Rural","Mujer",195038,"La Guajira",251777,77.4645817529004,0,0,0,"Incluir",42864212.5633364,17.573547829772,20084516.343532,34148.853079201,34517.4198251723,13.0911820905966,18.8558543906195,5.89538630997922
"79","Magdalena_R_M",214345,31709,35931214.8703324,0.189039867708437,5994.26516516682,1.37882137994001,223,47,"Rural","Mujer",175862,"Magdalena",222362,79.0881535514162,0,0,0,"Incluir",35931214.8703324,17.397116970662,17104552.9257853,31898.0676142471,32143.0781953411,12.9382465688751,18.5566268469474,5.75527350740755
"80","Boyaca_R_M",247758,31317.0112764926,50705556.8188072,0.227377490734861,7120.78344136424,1.51981075954071,204,15,"Rural","Mujer",208470,"Boyaca",247355,84.2796790038608,0,0,0,"Incluir",50705556.8188072,17.7415460645044,19527662.859694,31587.810851754,32086.5007416351,13.9559599611461,22.0382338596111,8.22911915778512
"81","Santander_R_M",274139,29914,35013141.4284543,0.197806723683968,5917.19033228223,1.17522885521536,246,68,"Rural","Mujer",209122,"Santander",250347,83.5328563953233,0,0,0,"Incluir",35013141.4284543,17.3712340183671,16300577.8131173,30151.472178704,30474.7239439159,13.3634804482497,19.3232550890608,6.09525369205661
"82","Bolivar_R_M",304032,26859.9623079076,42797557.4494706,0.243558949878265,6541.98421348375,1.24834727519832,218,13,"Rural","Mujer",227936,"Bolivar",282990,80.5456023181031,0,0,0,"Incluir",42797557.4494706,17.5719915899859,17271729.6855645,27186.5591373851,27751.4439558825,15.2541508972706,23.4349614586271,8.34245978412612
"83","Tolima_R_M",199822,25919,21583780.0694026,0.179244365177732,4645.83470104163,1.15063489372537,241,73,"Rural","Mujer",168909,"Tolima",202561,83.3867328854024,0,0,0,"Incluir",21583780.0694026,16.8874526678579,12024544.8576359,26044.1889953678,26164.7781173571,13.2947235216354,17.7032737199843,4.55699920162579
"84","Choco_U_M",146841,22530,6874288.53139376,0.116373122289181,2621.88644517526,3.43432901983319,1387,27,"Urbano","Mujer",105956,"Choco",135141,78.4040372647827,0,0,0,"Incluir",6874288.53139376,15.7432987098191,3267575.9435985,22542.904228673,22558.4320852851,8.01545123118519,11.6116212525733,3.62585935003436
"85","Quindio_R_H",31216,19931,4160170.61018983,0.102335539073408,2039.6496292721,2.95603347167317,160,63,"Rural","Hombre",31484,"Quindio",36171,87.0421055541732,0,0,0,"Incluir",4160170.61018983,15.2410666434613,3836296.67015848,19907.2604620319,19900.722235617,9.83421424717294,10.2432523016707,0.665466704189388
"86","Arauca_U_H",42232,19239,4726328.4396008,0.113000263038219,2174.0120605923,2.02845720387615,190,81,"Urbano","Hombre",75324,"Arauca",96160,78.3319467554077,0,0,0,"Incluir",4726328.4396008,15.3686592306326,6177835.65316962,19242.3667856095,19240.4340491231,12.9071162717534,11.291819269591,-1.41936522087013
"87","Sucre_R_M",160987,16422,13940380.6631056,0.227358538410247,3733.68191777307,1.27594999764887,218,70,"Rural","Mujer",147321,"Sucre",179888,81.8959574846571,0,0,0,"Incluir",13940380.6631056,16.4503002701767,6825632.64506246,16493.0980227478,16580.813789429,15.8271777285811,22.4747978764731,6.85756449562352
"88","Meta_R_M",113019,16379,10789307.5192292,0.200543875269275,3284.70813303545,1.34516949199781,198,50,"Rural","Mujer",96981,"Meta",121112,80.0754673360196,0,0,0,"Incluir",10789307.5192292,16.1940661571608,5687965.12338248,16401.8233524841,16424.3018428545,14.5305440570541,19.9693334964097,5.64715927923827
"89","Caldas_R_M",117613,16325,12184395.3661954,0.213820234470548,3490.61532773169,1.72773558015807,235,17,"Rural","Mujer",96563,"Caldas",115622,83.5161128504956,0,0,0,"Incluir",12184395.3661954,16.3156666226527,5110701.5501241,16342.5176090779,16368.1203900558,13.8244466685099,21.289895514879,7.65927005398618
"90","Risaralda_R_M",94915,14611,9198313.43531888,0.207574576888857,3032.87214292309,1.42955417712896,183,66,"Rural","Mujer",76433,"Risaralda",92520,82.6124081279723,0,0,0,"Incluir",9198313.43531888,16.0345307029657,4461594.63425861,14617.0238885377,14622.0681993662,14.4426675480613,20.7154589356137,6.49898033920451
"91","Arauca_U_M",44147,12786,2818997.4816822,0.13131448774876,1678.98704035564,1.53313253005521,218,81,"Urbano","Mujer",81817,"Arauca",101999,80.2135315052108,0,0,0,"Incluir",2818997.4816822,14.8518918767586,3706191.77627132,12796.6008815612,12794.1874506143,15.037338803331,13.1179411476499,-1.69111479509676
"92","Caqueta_R_M",71937,11849,4414468.79124535,0.177319919698408,2101.06372850643,1.27470092367001,206,18,"Rural","Mujer",50467,"Caqueta",66594,75.7831035829054,0,0,0,"Incluir",4414468.79124535,15.3003980656976,2807381.61502303,11846.8541471777,11843.7957348471,14.1383123109949,17.7289911981375,3.82723590024776
"93","Archipielago de San Andres_U_H",20450,10527,462376.285202018,0.0645941448109587,679.982562424963,2.34790712703483,518,88,"Urbano","Hombre",17261,"Archipielago de San Andres",21198,81.4274931597321,0,0,0,"Incluir",462376.285202018,13.0441343086973,361983.612343085,10525.0507812556,10524.0477524128,5.71611450265163,6.46081500657035,0.795908867536938
"94","Atlantico_R_M",66447,10437,5712633.28121986,0.229003694788249,2390.11156250495,1.50844703801014,155,8,"Rural","Mujer",54759,"Atlantico",66621,82.1948034403567,0,0,0,"Incluir",5712633.28121986,15.558190645417,2725559.29257955,10435.9251278262,10432.6376109193,15.814341868175,22.891913324498,7.35928477397443
"95","Norte de Santander_R_M",153906,10262,9162988.38476036,0.294975915502192,3027.0428448835,1.25107709844891,202,54,"Rural","Mujer",129654,"Norte de Santander",164617,78.7610028125892,0,0,0,"Incluir",9162988.38476036,16.0306829263224,3806443.80987711,10301.4235774687,10365.7778910026,18.9303435053106,29.1653504238684,10.5339198391415
"96","Guaviare_U_H",19804,9843,1465653.46412116,0.122995200359232,1210.64175713592,2.2139916700071,148,95,"Urbano","Hombre",20742,"Guaviare",26142,79.3435850355749,0,0,0,"Incluir",1465653.46412116,14.197811751577,1527997.04904027,9835.87206706252,9834.82926008776,12.5651236700376,12.3072534926807,0.0358107784029862
"97","Huila_R_M",216757,9813,13393463.0914488,0.372944875263332,3659.70806095907,1.16833745831931,178,41,"Rural","Mujer",178554,"Huila",222076,80.4022046506601,0,0,0,"Incluir",13393463.0914488,16.4102773168975,4835665.83804304,9893.9806530626,10060.6705655802,22.2125156306697,36.3091477256162,14.4614875852422
"98","Choco_R_M",187600,9332,9595157.1384186,0.331933676055762,3097.60506495237,1.04497061743778,182,27,"Rural","Mujer",126175,"Choco",160811,78.4616723980325,0,0,0,"Incluir",9595157.1384186,16.0767690644049,3549770.71892669,9368.14957721606,9438.77114187086,20.1027802589786,32.7744396438571,13.004808580713
"99","Putumayo_U_H",20354,9275,1391419.05756398,0.127178897379287,1179.58427319288,2.01881302247994,149,86,"Urbano","Hombre",74062,"Putumayo",93180,79.4827216140803,0,0,0,"Incluir",1391419.05756398,14.1458346890603,2862599.20414325,9283.04369702877,9278.95767057808,18.2195105993834,12.7100245217405,-5.19107214058097
"100","Archipielago de San Andres_U_M",21973,9128,375943.49592798,0.0671715943195242,613.142312948617,1.86287237050809,567,88,"Urbano","Mujer",19281,"Archipielago de San Andres",23086,83.5181495278524,0,0,0,"Incluir",375943.49592798,12.8371941342921,315306.497237168,9126.48194531976,9125.84049013479,6.15242343862251,6.71840102469056,0.602177492478828
"101","Guaviare_U_M",20961,8936,1145570.27911263,0.119775421744555,1070.31316870934,1.82725821288112,171,95,"Urbano","Mujer",21564,"Guaviare",26848,80.318831942789,0,0,0,"Incluir",1145570.27911263,13.95141313134,1297482.48923885,8930.3532023753,8930.01586123491,12.7530131519258,11.9836772429343,-0.493031896726485
"102","Cesar_R_M",150647,8708,8594107.39592858,0.336652596108208,2931.57080691028,1.07885299761956,156,20,"Rural","Mujer",124814,"Cesar",160532,77.7502304836419,0,0,0,"Incluir",8594107.39592858,15.9665873398562,3594194.95300118,8745.0748912328,8804.92671661588,21.6692906073061,33.2551788817429,11.9619195867242
"103","Amazonas_U_H",18793,8103,888706.590945315,0.116341152479411,942.712358540671,2.12654967877562,206,91,"Urbano","Hombre",15816,"Amazonas",21101,74.9537936590683,0,0,0,"Incluir",888706.590945315,13.6975224160885,843136.769466728,8098.98303227521,8097.94444759,11.3363564368777,11.6399535488732,0.542339164816219
"104","Putumayo_U_M",21827,6461,899432.446768049,0.146785965649198,948.38412405947,1.62593901474938,179,86,"Urbano","Mujer",82720,"Putumayo",101168,81.7649849754863,0,0,0,"Incluir",899432.446768049,13.7095192286832,1762672.40203677,6468.78319951222,6465.18200134491,20.5195985341226,14.6672806094938,-5.47023819605952
"105","Amazonas_U_M",18713,5088,456249.245335074,0.132755944511997,675.462245677043,1.55963458723416,235,91,"Urbano","Mujer",15906,"Amazonas",21069,75.4948027908301,0,0,0,"Incluir",456249.245335074,13.0307945298174,451668.224943621,5086.2005249514,5085.80393643035,13.2127179964852,13.2804922530365,0.300944805602272
"106","Quindio_R_M",26285,4526,825659.314104831,0.200764024351564,908.657974215178,1.12924581353623,135,63,"Rural","Mujer",26450,"Quindio",30746,86.0274507252976,0,0,0,"Incluir",825659.314104831,13.6239375147635,729986.036295706,4523.97095437635,4523.14556566389,18.8841945830489,20.0867869812524,1.61173986471962
"107","Vaupes_U_H",5711,2635,89853.9383994054,0.113759569317003,299.756465150304,2.46518420397868,215,97,"Urbano","Hombre",5206,"Vaupes",6690,77.8176382660688,0,0,0,"Incluir",89853.9383994054,11.4059407242995,37612.1956258358,2634.8149936585,2634.47267202129,7.36058290670082,11.3780932281661,4.07782630197685
"108","Vaupes_U_M",5378,1386,37401.8730808087,0.139535092880698,193.395638732648,1.68367679568994,239,97,"Urbano","Mujer",4729,"Vaupes",6228,75.9312780989082,0,0,0,"Incluir",37401.8730808087,10.5294760645231,11495.41072928,1385.94661041183,1385.7920040128,7.73597632851738,13.9555317284308,6.22094063786971
"109","Bogota_R_H",16470,5945.58977035491,2716848.60860767,0.277228438416742,1648.28656750204,1.52296909655236,36,11,"Rural","Hombre",12487,"Bogota",15427,80.9425034031244,1,0,1,"Excluir",2716848.60860767,14.8149831668,1196628.11407535,5939.8183001389,5929.95530500397,18.4137626710087,27.7855405274561,9.94887009134976
"110","Bogota_R_M",11988,4378,1844385.72343671,0.310205946452428,1358.08163356873,1.55382189780027,29,11,"Rural","Mujer",12087,"Bogota",15036,80.3870710295291,1,0,1,"Excluir",1844385.72343671,14.4276568387928,927348.932106014,4373.86541450594,4368.13832036238,22.0143897718226,31.0827332321388,9.74084416910174
